chain_length,time_s
exec_time_long_chain_1,0.0000009
exec_time_long_chain_2,0.0000010
exec_time_long_chain_3,0.0000010
exec_time_long_chain_4,0.0000012
exec_time_long_chain_5,0.0000012
exec_time_long_chain_6,0.0000013
exec_time_long_chain_7,0.0000012
exec_time_long_chain_8,0.0000014
exec_time_long_chain_9,0.0000014
exec_time_long_chain_10,0.0000014
exec_time_long_chain_11,0.0000016
exec_time_long_chain_12,0.0000015
exec_time_long_chain_13,0.0000016
exec_time_long_chain_14,0.0000018
exec_time_long_chain_15,0.0000018
exec_time_long_chain_16,0.0000019
exec_time_long_chain_17,0.0000018
exec_time_long_chain_18,0.0000020
exec_time_long_chain_19,0.0000020
exec_time_long_chain_20,0.0000022
exec_time_long_chain_21,0.0000022
exec_time_long_chain_22,0.0000023
exec_time_long_chain_23,0.0000024
exec_time_long_chain_24,0.0000026
exec_time_long_chain_25,0.0000027
exec_time_long_chain_26,0.0000025
exec_time_long_chain_27,0.0000029
exec_time_long_chain_28,0.0000028
exec_time_long_chain_29,0.0000028
exec_time_long_chain_30,0.0000028
exec_time_long_chain_31,0.0000028
exec_time_long_chain_32,0.0000029
exec_time_long_chain_33,0.0000031
exec_time_long_chain_34,0.0000031
exec_time_long_chain_35,0.0000031
exec_time_long_chain_36,0.0000031
exec_time_long_chain_37,0.0000033
exec_time_long_chain_38,0.0000033
exec_time_long_chain_39,0.0000033
exec_time_long_chain_40,0.0000034
exec_time_long_chain_41,0.0000034
exec_time_long_chain_42,0.0000035
exec_time_long_chain_43,0.0000035
exec_time_long_chain_44,0.0000038
exec_time_long_chain_45,0.0000039
exec_time_long_chain_46,0.0000039
exec_time_long_chain_47,0.0000038
exec_time_long_chain_48,0.0000040
exec_time_long_chain_49,0.0000040
exec_time_long_chain_50,0.0000040
exec_time_long_chain_51,0.0000042
exec_time_long_chain_52,0.0000043
exec_time_long_chain_53,0.0000043
exec_time_long_chain_54,0.0000044
exec_time_long_chain_55,0.0000042
exec_time_long_chain_56,0.0000044
exec_time_long_chain_57,0.0000045
exec_time_long_chain_58,0.0000046
exec_time_long_chain_59,0.0000046
exec_time_long_chain_60,0.0000048
exec_time_long_chain_61,0.0000045
exec_time_long_chain_62,0.0000050
exec_time_long_chain_63,0.0000048
exec_time_long_chain_64,0.0000051
exec_time_long_chain_65,0.0000051
exec_time_long_chain_66,0.0000051
exec_time_long_chain_67,0.0000052
exec_time_long_chain_68,0.0000052
exec_time_long_chain_69,0.0000055
exec_time_long_chain_70,0.0000054
exec_time_long_chain_71,0.0000052
exec_time_long_chain_72,0.0000056
exec_time_long_chain_73,0.0000056
exec_time_long_chain_74,0.0000058
exec_time_long_chain_75,0.0000057
exec_time_long_chain_76,0.0000055
exec_time_long_chain_77,0.0000060
exec_time_long_chain_78,0.0000058
exec_time_long_chain_79,0.0000062
exec_time_long_chain_80,0.0000060
exec_time_long_chain_81,0.0000063
exec_time_long_chain_82,0.0000059
exec_time_long_chain_83,0.0000062
exec_time_long_chain_84,0.0000063
exec_time_long_chain_85,0.0000063
exec_time_long_chain_86,0.0000063
exec_time_long_chain_87,0.0000063
exec_time_long_chain_88,0.0000063
exec_time_long_chain_89,0.0000064
exec_time_long_chain_90,0.0000065
exec_time_long_chain_91,0.0000066
exec_time_long_chain_92,0.0000065
exec_time_long_chain_93,0.0000066
exec_time_long_chain_94,0.0000069
exec_time_long_chain_95,0.0000070
exec_time_long_chain_96,0.0000070
exec_time_long_chain_97,0.0000068
exec_time_long_chain_98,0.0000070
exec_time_long_chain_99,0.0000070
exec_time_long_chain_100,0.0000070
exec_time_long_chain_101,0.0000070
exec_time_long_chain_102,0.0000074
exec_time_long_chain_103,0.0000078
exec_time_long_chain_104,0.0000074
exec_time_long_chain_105,0.0000075
exec_time_long_chain_106,0.0000076
exec_time_long_chain_107,0.0000076
exec_time_long_chain_108,0.0000080
exec_time_long_chain_109,0.0000075
exec_time_long_chain_110,0.0000077
exec_time_long_chain_111,0.0000076
exec_time_long_chain_112,0.0000081
exec_time_long_chain_113,0.0000079
exec_time_long_chain_114,0.0000079
exec_time_long_chain_115,0.0000081
exec_time_long_chain_116,0.0000080
exec_time_long_chain_117,0.0000081
exec_time_long_chain_118,0.0000081
exec_time_long_chain_119,0.0000083
exec_time_long_chain_120,0.0000080
exec_time_long_chain_121,0.0000086
exec_time_long_chain_122,0.0000083
exec_time_long_chain_123,0.0000083
exec_time_long_chain_124,0.0000083
exec_time_long_chain_125,0.0000083
exec_time_long_chain_126,0.0000088
exec_time_long_chain_127,0.0000084
exec_time_long_chain_128,0.0000088
exec_time_long_chain_129,0.0000088
exec_time_long_chain_130,0.0000090
exec_time_long_chain_131,0.0000132
exec_time_long_chain_132,0.0000089
exec_time_long_chain_133,0.0000094
exec_time_long_chain_134,0.0000092
exec_time_long_chain_135,0.0000091
exec_time_long_chain_136,0.0000092
exec_time_long_chain_137,0.0000094
exec_time_long_chain_138,0.0000092
exec_time_long_chain_139,0.0000094
exec_time_long_chain_140,0.0000094
exec_time_long_chain_141,0.0000094
exec_time_long_chain_142,0.0000095
exec_time_long_chain_143,0.0000096
exec_time_long_chain_144,0.0000098
exec_time_long_chain_145,0.0000096
exec_time_long_chain_146,0.0000099
exec_time_long_chain_147,0.0000098
exec_time_long_chain_148,0.0000102
exec_time_long_chain_149,0.0000104
exec_time_long_chain_150,0.0000101
exec_time_long_chain_151,0.0000100
exec_time_long_chain_152,0.0000101
exec_time_long_chain_153,0.0000103
exec_time_long_chain_154,0.0000104
exec_time_long_chain_155,0.0000107
exec_time_long_chain_156,0.0000103
exec_time_long_chain_157,0.0000104
exec_time_long_chain_158,0.0000106
exec_time_long_chain_159,0.0000104
exec_time_long_chain_160,0.0000104
exec_time_long_chain_161,0.0000109
exec_time_long_chain_162,0.0000110
exec_time_long_chain_163,0.0000109
exec_time_long_chain_164,0.0000112
exec_time_long_chain_165,0.0000112
exec_time_long_chain_166,0.0000111
exec_time_long_chain_167,0.0000112
exec_time_long_chain_168,0.0000113
exec_time_long_chain_169,0.0000112
exec_time_long_chain_170,0.0000110
exec_time_long_chain_171,0.0000115
exec_time_long_chain_172,0.0000116
exec_time_long_chain_173,0.0000118
exec_time_long_chain_174,0.0000116
exec_time_long_chain_175,0.0000120
exec_time_long_chain_176,0.0000120
exec_time_long_chain_177,0.0000121
exec_time_long_chain_178,0.0000116
exec_time_long_chain_179,0.0000120
exec_time_long_chain_180,0.0000118
exec_time_long_chain_181,0.0000121
exec_time_long_chain_182,0.0000119
exec_time_long_chain_183,0.0000118
exec_time_long_chain_184,0.0000119
exec_time_long_chain_185,0.0000126
exec_time_long_chain_186,0.0000123
exec_time_long_chain_187,0.0000125
exec_time_long_chain_188,0.0000124
exec_time_long_chain_189,0.0000129
exec_time_long_chain_190,0.0000127
exec_time_long_chain_191,0.0000132
exec_time_long_chain_192,0.0000129
exec_time_long_chain_193,0.0000131
exec_time_long_chain_194,0.0000125
exec_time_long_chain_195,0.0000125
exec_time_long_chain_196,0.0000129
exec_time_long_chain_197,0.0000129
exec_time_long_chain_198,0.0000132
exec_time_long_chain_199,0.0000128
exec_time_long_chain_200,0.0000133
exec_time_long_chain_201,0.0000134
exec_time_long_chain_202,0.0000133
exec_time_long_chain_203,0.0000135
exec_time_long_chain_204,0.0000132
exec_time_long_chain_205,0.0000137
exec_time_long_chain_206,0.0000139
exec_time_long_chain_207,0.0000138
exec_time_long_chain_208,0.0000137
exec_time_long_chain_209,0.0000140
exec_time_long_chain_210,0.0000140
exec_time_long_chain_211,0.0000137
exec_time_long_chain_212,0.0000141
exec_time_long_chain_213,0.0000138
exec_time_long_chain_214,0.0000141
exec_time_long_chain_215,0.0000141
exec_time_long_chain_216,0.0000146
exec_time_long_chain_217,0.0000142
exec_time_long_chain_218,0.0000144
exec_time_long_chain_219,0.0000144
exec_time_long_chain_220,0.0000143
exec_time_long_chain_221,0.0000145
exec_time_long_chain_222,0.0000145
exec_time_long_chain_223,0.0000149
exec_time_long_chain_224,0.0000151
exec_time_long_chain_225,0.0000149
exec_time_long_chain_226,0.0000151
exec_time_long_chain_227,0.0000150
exec_time_long_chain_228,0.0000146
exec_time_long_chain_229,0.0000148
exec_time_long_chain_230,0.0000149
exec_time_long_chain_231,0.0000153
exec_time_long_chain_232,0.0000158
exec_time_long_chain_233,0.0000150
exec_time_long_chain_234,0.0000155
exec_time_long_chain_235,0.0000154
exec_time_long_chain_236,0.0000151
exec_time_long_chain_237,0.0000149
exec_time_long_chain_238,0.0000153
exec_time_long_chain_239,0.0000151
exec_time_long_chain_240,0.0000158
exec_time_long_chain_241,0.0000158
exec_time_long_chain_242,0.0000153
exec_time_long_chain_243,0.0000158
exec_time_long_chain_244,0.0000154
exec_time_long_chain_245,0.0000191
exec_time_long_chain_246,0.0000159
exec_time_long_chain_247,0.0000162
exec_time_long_chain_248,0.0000159
exec_time_long_chain_249,0.0000157
exec_time_long_chain_250,0.0000166
exec_time_long_chain_251,0.0000161
exec_time_long_chain_252,0.0000164
exec_time_long_chain_253,0.0000160
exec_time_long_chain_254,0.0000165
exec_time_long_chain_255,0.0000173
exec_time_long_chain_256,0.0000163
exec_time_long_chain_257,0.0000169
exec_time_long_chain_258,0.0000164
exec_time_long_chain_259,0.0000168
exec_time_long_chain_260,0.0000173
exec_time_long_chain_261,0.0000174
exec_time_long_chain_262,0.0000175
exec_time_long_chain_263,0.0000172
exec_time_long_chain_264,0.0000174
exec_time_long_chain_265,0.0000176
exec_time_long_chain_266,0.0000174
exec_time_long_chain_267,0.0000176
exec_time_long_chain_268,0.0000178
exec_time_long_chain_269,0.0000177
exec_time_long_chain_270,0.0000174
exec_time_long_chain_271,0.0000171
exec_time_long_chain_272,0.0000180
exec_time_long_chain_273,0.0000179
exec_time_long_chain_274,0.0000181
exec_time_long_chain_275,0.0000177
exec_time_long_chain_276,0.0000180
exec_time_long_chain_277,0.0000174
exec_time_long_chain_278,0.0000179
exec_time_long_chain_279,0.0000183
exec_time_long_chain_280,0.0000182
exec_time_long_chain_281,0.0000188
exec_time_long_chain_282,0.0000185
exec_time_long_chain_283,0.0000181
exec_time_long_chain_284,0.0000186
exec_time_long_chain_285,0.0000188
exec_time_long_chain_286,0.0000182
exec_time_long_chain_287,0.0000192
exec_time_long_chain_288,0.0000191
exec_time_long_chain_289,0.0000192
exec_time_long_chain_290,0.0000194
exec_time_long_chain_291,0.0000193
exec_time_long_chain_292,0.0000197
exec_time_long_chain_293,0.0000187
exec_time_long_chain_294,0.0000230
exec_time_long_chain_295,0.0000191
exec_time_long_chain_296,0.0000205
exec_time_long_chain_297,0.0000195
exec_time_long_chain_298,0.0000193
exec_time_long_chain_299,0.0000189
exec_time_long_chain_300,0.0000192
exec_time_long_chain_301,0.0000196
exec_time_long_chain_302,0.0000198
exec_time_long_chain_303,0.0000204
exec_time_long_chain_304,0.0000188
exec_time_long_chain_305,0.0000196
exec_time_long_chain_306,0.0000192
exec_time_long_chain_307,0.0000201
exec_time_long_chain_308,0.0000195
exec_time_long_chain_309,0.0000198
exec_time_long_chain_310,0.0000199
exec_time_long_chain_311,0.0000197
exec_time_long_chain_312,0.0000202
exec_time_long_chain_313,0.0000194
exec_time_long_chain_314,0.0000203
exec_time_long_chain_315,0.0000198
exec_time_long_chain_316,0.0000205
exec_time_long_chain_317,0.0000200
exec_time_long_chain_318,0.0000203
exec_time_long_chain_319,0.0000201
exec_time_long_chain_320,0.0000200
exec_time_long_chain_321,0.0000202
exec_time_long_chain_322,0.0000203
exec_time_long_chain_323,0.0000208
exec_time_long_chain_324,0.0000210
exec_time_long_chain_325,0.0000212
exec_time_long_chain_326,0.0000202
exec_time_long_chain_327,0.0000208
exec_time_long_chain_328,0.0000203
exec_time_long_chain_329,0.0000209
exec_time_long_chain_330,0.0000211
exec_time_long_chain_331,0.0000205
exec_time_long_chain_332,0.0000209
exec_time_long_chain_333,0.0000211
exec_time_long_chain_334,0.0000211
exec_time_long_chain_335,0.0000214
exec_time_long_chain_336,0.0000208
exec_time_long_chain_337,0.0000223
exec_time_long_chain_338,0.0000216
exec_time_long_chain_339,0.0000223
exec_time_long_chain_340,0.0000215
exec_time_long_chain_341,0.0000224
exec_time_long_chain_342,0.0000217
exec_time_long_chain_343,0.0000228
exec_time_long_chain_344,0.0000220
exec_time_long_chain_345,0.0000229
exec_time_long_chain_346,0.0000235
exec_time_long_chain_347,0.0000225
exec_time_long_chain_348,0.0000228
exec_time_long_chain_349,0.0000224
exec_time_long_chain_350,0.0000233
exec_time_long_chain_351,0.0000229
exec_time_long_chain_352,0.0000240
exec_time_long_chain_353,0.0000236
exec_time_long_chain_354,0.0000236
exec_time_long_chain_355,0.0000237
exec_time_long_chain_356,0.0000237
exec_time_long_chain_357,0.0000231
exec_time_long_chain_358,0.0000235
exec_time_long_chain_359,0.0000239
exec_time_long_chain_360,0.0000230
exec_time_long_chain_361,0.0000236
exec_time_long_chain_362,0.0000232
exec_time_long_chain_363,0.0000240
exec_time_long_chain_364,0.0000241
exec_time_long_chain_365,0.0000239
exec_time_long_chain_366,0.0000240
exec_time_long_chain_367,0.0000243
exec_time_long_chain_368,0.0000237
exec_time_long_chain_369,0.0000243
exec_time_long_chain_370,0.0000247
exec_time_long_chain_371,0.0000239
exec_time_long_chain_372,0.0000243
exec_time_long_chain_373,0.0000245
exec_time_long_chain_374,0.0000240
exec_time_long_chain_375,0.0000246
exec_time_long_chain_376,0.0000240
exec_time_long_chain_377,0.0000243
exec_time_long_chain_378,0.0000249
exec_time_long_chain_379,0.0000248
exec_time_long_chain_380,0.0000252
exec_time_long_chain_381,0.0000242
exec_time_long_chain_382,0.0000243
exec_time_long_chain_383,0.0000252
exec_time_long_chain_384,0.0000247
exec_time_long_chain_385,0.0000305
exec_time_long_chain_386,0.0000255
exec_time_long_chain_387,0.0000246
exec_time_long_chain_388,0.0000261
exec_time_long_chain_389,0.0000254
exec_time_long_chain_390,0.0000246
exec_time_long_chain_391,0.0000258
exec_time_long_chain_392,0.0000256
exec_time_long_chain_393,0.0000256
exec_time_long_chain_394,0.0000253
exec_time_long_chain_395,0.0000259
exec_time_long_chain_396,0.0000261
exec_time_long_chain_397,0.0000258
exec_time_long_chain_398,0.0000261
exec_time_long_chain_399,0.0000256
exec_time_long_chain_400,0.0000263
exec_time_long_chain_401,0.0000257
exec_time_long_chain_402,0.0000265
exec_time_long_chain_403,0.0000265
exec_time_long_chain_404,0.0000262
exec_time_long_chain_405,0.0000259
exec_time_long_chain_406,0.0000269
exec_time_long_chain_407,0.0000263
exec_time_long_chain_408,0.0000269
exec_time_long_chain_409,0.0000263
exec_time_long_chain_410,0.0000271
exec_time_long_chain_411,0.0000269
exec_time_long_chain_412,0.0000266
exec_time_long_chain_413,0.0000267
exec_time_long_chain_414,0.0000264
exec_time_long_chain_415,0.0000265
exec_time_long_chain_416,0.0000268
exec_time_long_chain_417,0.0000270
exec_time_long_chain_418,0.0000268
exec_time_long_chain_419,0.0000272
exec_time_long_chain_420,0.0000268
exec_time_long_chain_421,0.0000268
exec_time_long_chain_422,0.0000268
exec_time_long_chain_423,0.0000274
exec_time_long_chain_424,0.0000280
exec_time_long_chain_425,0.0000273
exec_time_long_chain_426,0.0000272
exec_time_long_chain_427,0.0000271
exec_time_long_chain_428,0.0000273
exec_time_long_chain_429,0.0000276
exec_time_long_chain_430,0.0000283
exec_time_long_chain_431,0.0000286
exec_time_long_chain_432,0.0000279
exec_time_long_chain_433,0.0000379
exec_time_long_chain_434,0.0000282
exec_time_long_chain_435,0.0000279
exec_time_long_chain_436,0.0000280
exec_time_long_chain_437,0.0000279
exec_time_long_chain_438,0.0000287
exec_time_long_chain_439,0.0000285
exec_time_long_chain_440,0.0000285
exec_time_long_chain_441,0.0000285
exec_time_long_chain_442,0.0000289
exec_time_long_chain_443,0.0000289
exec_time_long_chain_444,0.0000287
exec_time_long_chain_445,0.0000288
exec_time_long_chain_446,0.0000293
exec_time_long_chain_447,0.0000289
exec_time_long_chain_448,0.0000296
exec_time_long_chain_449,0.0000293
exec_time_long_chain_450,0.0000293
exec_time_long_chain_451,0.0000292
exec_time_long_chain_452,0.0000302
exec_time_long_chain_453,0.0000289
exec_time_long_chain_454,0.0000297
exec_time_long_chain_455,0.0000291
exec_time_long_chain_456,0.0000291
exec_time_long_chain_457,0.0000290
exec_time_long_chain_458,0.0000291
exec_time_long_chain_459,0.0000291
exec_time_long_chain_460,0.0000301
exec_time_long_chain_461,0.0000296
exec_time_long_chain_462,0.0000291
exec_time_long_chain_463,0.0000294
exec_time_long_chain_464,0.0000304
exec_time_long_chain_465,0.0000303
exec_time_long_chain_466,0.0000299
exec_time_long_chain_467,0.0000298
exec_time_long_chain_468,0.0000308
exec_time_long_chain_469,0.0000306
exec_time_long_chain_470,0.0000308
exec_time_long_chain_471,0.0000305
exec_time_long_chain_472,0.0000301
exec_time_long_chain_473,0.0000303
exec_time_long_chain_474,0.0000303
exec_time_long_chain_475,0.0000303
exec_time_long_chain_476,0.0000300
exec_time_long_chain_477,0.0000307
exec_time_long_chain_478,0.0000365
exec_time_long_chain_479,0.0000306
exec_time_long_chain_480,0.0000311
exec_time_long_chain_481,0.0000313
exec_time_long_chain_482,0.0000308
exec_time_long_chain_483,0.0000312
exec_time_long_chain_484,0.0000314
exec_time_long_chain_485,0.0000322
exec_time_long_chain_486,0.0000319
exec_time_long_chain_487,0.0000309
exec_time_long_chain_488,0.0000317
exec_time_long_chain_489,0.0000322
exec_time_long_chain_490,0.0000320
exec_time_long_chain_491,0.0000314
exec_time_long_chain_492,0.0000319
exec_time_long_chain_493,0.0000310
exec_time_long_chain_494,0.0000326
exec_time_long_chain_495,0.0000317
exec_time_long_chain_496,0.0000319
exec_time_long_chain_497,0.0000320
exec_time_long_chain_498,0.0000319
exec_time_long_chain_499,0.0000329
exec_time_long_chain_500,0.0000325
exec_time_long_chain_501,0.0000323
exec_time_long_chain_502,0.0000321
exec_time_long_chain_503,0.0000321
exec_time_long_chain_504,0.0000322
exec_time_long_chain_505,0.0000324
exec_time_long_chain_506,0.0000318
exec_time_long_chain_507,0.0000326
exec_time_long_chain_508,0.0000329
exec_time_long_chain_509,0.0000322
exec_time_long_chain_510,0.0000325
exec_time_long_chain_511,0.0000335
exec_time_long_chain_512,0.0000321
exec_time_long_chain_513,0.0000332
exec_time_long_chain_514,0.0000338
exec_time_long_chain_515,0.0000331
exec_time_long_chain_516,0.0000333
exec_time_long_chain_517,0.0000326
exec_time_long_chain_518,0.0000332
exec_time_long_chain_519,0.0000339
exec_time_long_chain_520,0.0000341
exec_time_long_chain_521,0.0000331
exec_time_long_chain_522,0.0000335
exec_time_long_chain_523,0.0000333
exec_time_long_chain_524,0.0000347
exec_time_long_chain_525,0.0000334
exec_time_long_chain_526,0.0000338
exec_time_long_chain_527,0.0000335
exec_time_long_chain_528,0.0000338
exec_time_long_chain_529,0.0000351
exec_time_long_chain_530,0.0000343
exec_time_long_chain_531,0.0000349
exec_time_long_chain_532,0.0000347
exec_time_long_chain_533,0.0000339
exec_time_long_chain_534,0.0000344
exec_time_long_chain_535,0.0000342
exec_time_long_chain_536,0.0000350
exec_time_long_chain_537,0.0000345
exec_time_long_chain_538,0.0000343
exec_time_long_chain_539,0.0000345
exec_time_long_chain_540,0.0000350
exec_time_long_chain_541,0.0000350
exec_time_long_chain_542,0.0000349
exec_time_long_chain_543,0.0000361
exec_time_long_chain_544,0.0000340
exec_time_long_chain_545,0.0000349
exec_time_long_chain_546,0.0000350
exec_time_long_chain_547,0.0000342
exec_time_long_chain_548,0.0000342
exec_time_long_chain_549,0.0000340
exec_time_long_chain_550,0.0000337
exec_time_long_chain_551,0.0000340
exec_time_long_chain_552,0.0000345
exec_time_long_chain_553,0.0000344
exec_time_long_chain_554,0.0000338
exec_time_long_chain_555,0.0000342
exec_time_long_chain_556,0.0000338
exec_time_long_chain_557,0.0000340
exec_time_long_chain_558,0.0000344
exec_time_long_chain_559,0.0000352
exec_time_long_chain_560,0.0000350
exec_time_long_chain_561,0.0000353
exec_time_long_chain_562,0.0000342
exec_time_long_chain_563,0.0000345
exec_time_long_chain_564,0.0000353
exec_time_long_chain_565,0.0000353
exec_time_long_chain_566,0.0000346
exec_time_long_chain_567,0.0000350
exec_time_long_chain_568,0.0000351
exec_time_long_chain_569,0.0000353
exec_time_long_chain_570,0.0000357
exec_time_long_chain_571,0.0000353
exec_time_long_chain_572,0.0000363
exec_time_long_chain_573,0.0000355
exec_time_long_chain_574,0.0000361
exec_time_long_chain_575,0.0000357
exec_time_long_chain_576,0.0000350
exec_time_long_chain_577,0.0000357
exec_time_long_chain_578,0.0000357
exec_time_long_chain_579,0.0000362
exec_time_long_chain_580,0.0000357
exec_time_long_chain_581,0.0000370
exec_time_long_chain_582,0.0000359
exec_time_long_chain_583,0.0000366
exec_time_long_chain_584,0.0000366
exec_time_long_chain_585,0.0000367
exec_time_long_chain_586,0.0000364
exec_time_long_chain_587,0.0000361
exec_time_long_chain_588,0.0000362
exec_time_long_chain_589,0.0000361
exec_time_long_chain_590,0.0000359
exec_time_long_chain_591,0.0000362
exec_time_long_chain_592,0.0000374
exec_time_long_chain_593,0.0000367
exec_time_long_chain_594,0.0000361
exec_time_long_chain_595,0.0000368
exec_time_long_chain_596,0.0000367
exec_time_long_chain_597,0.0000365
exec_time_long_chain_598,0.0000365
exec_time_long_chain_599,0.0000375
exec_time_long_chain_600,0.0000362
exec_time_long_chain_601,0.0000364
exec_time_long_chain_602,0.0000384
exec_time_long_chain_603,0.0000393
exec_time_long_chain_604,0.0000362
exec_time_long_chain_605,0.0000373
exec_time_long_chain_606,0.0000379
exec_time_long_chain_607,0.0000377
exec_time_long_chain_608,0.0000378
exec_time_long_chain_609,0.0000370
exec_time_long_chain_610,0.0000381
exec_time_long_chain_611,0.0000379
exec_time_long_chain_612,0.0000392
exec_time_long_chain_613,0.0000382
exec_time_long_chain_614,0.0000379
exec_time_long_chain_615,0.0000395
exec_time_long_chain_616,0.0000388
exec_time_long_chain_617,0.0000381
exec_time_long_chain_618,0.0000382
exec_time_long_chain_619,0.0000389
exec_time_long_chain_620,0.0000386
exec_time_long_chain_621,0.0000377
exec_time_long_chain_622,0.0000388
exec_time_long_chain_623,0.0000388
exec_time_long_chain_624,0.0000386
exec_time_long_chain_625,0.0000390
exec_time_long_chain_626,0.0000382
exec_time_long_chain_627,0.0000386
exec_time_long_chain_628,0.0000388
exec_time_long_chain_629,0.0000378
exec_time_long_chain_630,0.0000396
exec_time_long_chain_631,0.0000384
exec_time_long_chain_632,0.0000388
exec_time_long_chain_633,0.0000389
exec_time_long_chain_634,0.0000392
exec_time_long_chain_635,0.0000392
exec_time_long_chain_636,0.0000392
exec_time_long_chain_637,0.0000384
exec_time_long_chain_638,0.0000406
exec_time_long_chain_639,0.0000396
exec_time_long_chain_640,0.0000393
exec_time_long_chain_641,0.0000400
exec_time_long_chain_642,0.0000413
exec_time_long_chain_643,0.0000402
exec_time_long_chain_644,0.0000392
exec_time_long_chain_645,0.0000397
exec_time_long_chain_646,0.0000389
exec_time_long_chain_647,0.0000401
exec_time_long_chain_648,0.0000409
exec_time_long_chain_649,0.0000409
exec_time_long_chain_650,0.0000396
exec_time_long_chain_651,0.0000399
exec_time_long_chain_652,0.0000396
exec_time_long_chain_653,0.0000400
exec_time_long_chain_654,0.0000413
exec_time_long_chain_655,0.0000405
exec_time_long_chain_656,0.0000407
exec_time_long_chain_657,0.0000399
exec_time_long_chain_658,0.0000402
exec_time_long_chain_659,0.0000398
exec_time_long_chain_660,0.0000404
exec_time_long_chain_661,0.0000414
exec_time_long_chain_662,0.0000412
exec_time_long_chain_663,0.0000404
exec_time_long_chain_664,0.0000422
exec_time_long_chain_665,0.0000418
exec_time_long_chain_666,0.0000425
exec_time_long_chain_667,0.0000428
exec_time_long_chain_668,0.0000432
exec_time_long_chain_669,0.0000422
exec_time_long_chain_670,0.0000420
exec_time_long_chain_671,0.0000420
exec_time_long_chain_672,0.0000425
exec_time_long_chain_673,0.0000408
exec_time_long_chain_674,0.0000427
exec_time_long_chain_675,0.0000433
exec_time_long_chain_676,0.0000436
exec_time_long_chain_677,0.0000438
exec_time_long_chain_678,0.0000434
exec_time_long_chain_679,0.0000428
exec_time_long_chain_680,0.0000429
exec_time_long_chain_681,0.0000431
exec_time_long_chain_682,0.0000431
exec_time_long_chain_683,0.0000434
exec_time_long_chain_684,0.0000439
exec_time_long_chain_685,0.0000444
exec_time_long_chain_686,0.0000430
exec_time_long_chain_687,0.0000429
exec_time_long_chain_688,0.0000436
exec_time_long_chain_689,0.0000439
exec_time_long_chain_690,0.0000425
exec_time_long_chain_691,0.0000446
exec_time_long_chain_692,0.0000441
exec_time_long_chain_693,0.0000451
exec_time_long_chain_694,0.0000436
exec_time_long_chain_695,0.0000431
exec_time_long_chain_696,0.0000444
exec_time_long_chain_697,0.0000453
exec_time_long_chain_698,0.0000437
exec_time_long_chain_699,0.0000435
exec_time_long_chain_700,0.0000438
exec_time_long_chain_701,0.0000445
exec_time_long_chain_702,0.0000442
exec_time_long_chain_703,0.0000437
exec_time_long_chain_704,0.0000450
exec_time_long_chain_705,0.0000453
exec_time_long_chain_706,0.0000451
exec_time_long_chain_707,0.0000457
exec_time_long_chain_708,0.0000449
exec_time_long_chain_709,0.0000445
exec_time_long_chain_710,0.0000456
exec_time_long_chain_711,0.0000444
exec_time_long_chain_712,0.0000452
exec_time_long_chain_713,0.0000454
exec_time_long_chain_714,0.0000456
exec_time_long_chain_715,0.0000454
exec_time_long_chain_716,0.0000456
exec_time_long_chain_717,0.0000449
exec_time_long_chain_718,0.0000459
exec_time_long_chain_719,0.0000504
exec_time_long_chain_720,0.0000447
exec_time_long_chain_721,0.0000466
exec_time_long_chain_722,0.0000449
exec_time_long_chain_723,0.0000453
exec_time_long_chain_724,0.0000466
exec_time_long_chain_725,0.0000454
exec_time_long_chain_726,0.0000465
exec_time_long_chain_727,0.0000471
exec_time_long_chain_728,0.0000457
exec_time_long_chain_729,0.0000465
exec_time_long_chain_730,0.0000456
exec_time_long_chain_731,0.0000462
exec_time_long_chain_732,0.0000458
exec_time_long_chain_733,0.0000457
exec_time_long_chain_734,0.0000456
exec_time_long_chain_735,0.0000464
exec_time_long_chain_736,0.0000456
exec_time_long_chain_737,0.0000463
exec_time_long_chain_738,0.0000467
exec_time_long_chain_739,0.0000472
exec_time_long_chain_740,0.0000471
exec_time_long_chain_741,0.0000469
exec_time_long_chain_742,0.0000468
exec_time_long_chain_743,0.0000464
exec_time_long_chain_744,0.0000464
exec_time_long_chain_745,0.0000473
exec_time_long_chain_746,0.0000471
exec_time_long_chain_747,0.0000472
exec_time_long_chain_748,0.0000472
exec_time_long_chain_749,0.0000472
exec_time_long_chain_750,0.0000471
exec_time_long_chain_751,0.0000481
exec_time_long_chain_752,0.0000470
exec_time_long_chain_753,0.0000477
exec_time_long_chain_754,0.0000467
exec_time_long_chain_755,0.0000477
exec_time_long_chain_756,0.0000475
exec_time_long_chain_757,0.0000479
exec_time_long_chain_758,0.0000471
exec_time_long_chain_759,0.0000470
exec_time_long_chain_760,0.0000485
exec_time_long_chain_761,0.0000466
exec_time_long_chain_762,0.0000485
exec_time_long_chain_763,0.0000479
exec_time_long_chain_764,0.0000477
exec_time_long_chain_765,0.0000484
exec_time_long_chain_766,0.0000486
exec_time_long_chain_767,0.0000480
exec_time_long_chain_768,0.0000484
exec_time_long_chain_769,0.0000486
exec_time_long_chain_770,0.0000482
exec_time_long_chain_771,0.0000484
exec_time_long_chain_772,0.0000490
exec_time_long_chain_773,0.0000481
exec_time_long_chain_774,0.0000484
exec_time_long_chain_775,0.0000492
exec_time_long_chain_776,0.0000480
exec_time_long_chain_777,0.0000480
exec_time_long_chain_778,0.0000502
exec_time_long_chain_779,0.0000482
exec_time_long_chain_780,0.0000495
exec_time_long_chain_781,0.0000494
exec_time_long_chain_782,0.0000519
exec_time_long_chain_783,0.0000487
exec_time_long_chain_784,0.0000495
exec_time_long_chain_785,0.0000487
exec_time_long_chain_786,0.0000495
exec_time_long_chain_787,0.0000497
exec_time_long_chain_788,0.0000494
exec_time_long_chain_789,0.0000510
exec_time_long_chain_790,0.0000509
exec_time_long_chain_791,0.0000499
exec_time_long_chain_792,0.0000498
exec_time_long_chain_793,0.0000494
exec_time_long_chain_794,0.0000501
exec_time_long_chain_795,0.0000501
exec_time_long_chain_796,0.0000493
exec_time_long_chain_797,0.0000505
exec_time_long_chain_798,0.0000576
exec_time_long_chain_799,0.0000506
exec_time_long_chain_800,0.0000503
exec_time_long_chain_801,0.0000507
exec_time_long_chain_802,0.0000501
exec_time_long_chain_803,0.0000505
exec_time_long_chain_804,0.0000512
exec_time_long_chain_805,0.0000504
exec_time_long_chain_806,0.0000511
exec_time_long_chain_807,0.0000512
exec_time_long_chain_808,0.0000505
exec_time_long_chain_809,0.0000511
exec_time_long_chain_810,0.0000504
exec_time_long_chain_811,0.0000520
exec_time_long_chain_812,0.0000512
exec_time_long_chain_813,0.0000513
exec_time_long_chain_814,0.0000509
exec_time_long_chain_815,0.0000508
exec_time_long_chain_816,0.0000514
exec_time_long_chain_817,0.0000517
exec_time_long_chain_818,0.0000516
exec_time_long_chain_819,0.0000520
exec_time_long_chain_820,0.0000516
exec_time_long_chain_821,0.0000515
exec_time_long_chain_822,0.0000514
exec_time_long_chain_823,0.0000514
exec_time_long_chain_824,0.0000515
exec_time_long_chain_825,0.0000526
exec_time_long_chain_826,0.0000520
exec_time_long_chain_827,0.0000526
exec_time_long_chain_828,0.0000517
exec_time_long_chain_829,0.0000522
exec_time_long_chain_830,0.0000523
exec_time_long_chain_831,0.0000512
exec_time_long_chain_832,0.0000510
exec_time_long_chain_833,0.0000515
exec_time_long_chain_834,0.0000500
exec_time_long_chain_835,0.0000507
exec_time_long_chain_836,0.0000511
exec_time_long_chain_837,0.0000504
exec_time_long_chain_838,0.0000526
exec_time_long_chain_839,0.0000532
exec_time_long_chain_840,0.0000531
exec_time_long_chain_841,0.0000530
exec_time_long_chain_842,0.0000535
exec_time_long_chain_843,0.0000526
exec_time_long_chain_844,0.0000529
exec_time_long_chain_845,0.0000527
exec_time_long_chain_846,0.0000533
exec_time_long_chain_847,0.0000538
exec_time_long_chain_848,0.0000533
exec_time_long_chain_849,0.0000530
exec_time_long_chain_850,0.0000533
exec_time_long_chain_851,0.0000537
exec_time_long_chain_852,0.0000533
exec_time_long_chain_853,0.0000531
exec_time_long_chain_854,0.0000536
exec_time_long_chain_855,0.0000535
exec_time_long_chain_856,0.0000536
exec_time_long_chain_857,0.0000536
exec_time_long_chain_858,0.0000543
exec_time_long_chain_859,0.0000542
exec_time_long_chain_860,0.0000543
exec_time_long_chain_861,0.0000541
exec_time_long_chain_862,0.0000549
exec_time_long_chain_863,0.0000541
exec_time_long_chain_864,0.0000553
exec_time_long_chain_865,0.0000547
exec_time_long_chain_866,0.0000540
exec_time_long_chain_867,0.0000547
exec_time_long_chain_868,0.0000544
exec_time_long_chain_869,0.0000552
exec_time_long_chain_870,0.0000551
exec_time_long_chain_871,0.0000547
exec_time_long_chain_872,0.0000547
exec_time_long_chain_873,0.0000545
exec_time_long_chain_874,0.0000554
exec_time_long_chain_875,0.0000554
exec_time_long_chain_876,0.0000549
exec_time_long_chain_877,0.0000547
exec_time_long_chain_878,0.0000552
exec_time_long_chain_879,0.0000556
exec_time_long_chain_880,0.0000553
exec_time_long_chain_881,0.0000556
exec_time_long_chain_882,0.0000547
exec_time_long_chain_883,0.0000556
exec_time_long_chain_884,0.0000560
exec_time_long_chain_885,0.0000555
exec_time_long_chain_886,0.0000555
exec_time_long_chain_887,0.0000556
exec_time_long_chain_888,0.0000566
exec_time_long_chain_889,0.0000565
exec_time_long_chain_890,0.0000559
exec_time_long_chain_891,0.0000572
exec_time_long_chain_892,0.0000561
exec_time_long_chain_893,0.0000562
exec_time_long_chain_894,0.0000565
exec_time_long_chain_895,0.0000558
exec_time_long_chain_896,0.0000565
exec_time_long_chain_897,0.0000569
exec_time_long_chain_898,0.0000567
exec_time_long_chain_899,0.0000567
exec_time_long_chain_900,0.0000565
exec_time_long_chain_901,0.0000571
exec_time_long_chain_902,0.0000572
exec_time_long_chain_903,0.0000569
exec_time_long_chain_904,0.0000575
exec_time_long_chain_905,0.0000578
exec_time_long_chain_906,0.0000575
exec_time_long_chain_907,0.0000582
exec_time_long_chain_908,0.0000570
exec_time_long_chain_909,0.0000611
exec_time_long_chain_910,0.0000575
exec_time_long_chain_911,0.0000571
exec_time_long_chain_912,0.0000568
exec_time_long_chain_913,0.0000564
exec_time_long_chain_914,0.0000563
exec_time_long_chain_915,0.0000563
exec_time_long_chain_916,0.0000561
exec_time_long_chain_917,0.0000558
exec_time_long_chain_918,0.0000548
exec_time_long_chain_919,0.0000580
exec_time_long_chain_920,0.0000575
exec_time_long_chain_921,0.0000570
exec_time_long_chain_922,0.0000582
exec_time_long_chain_923,0.0000579
exec_time_long_chain_924,0.0000582
exec_time_long_chain_925,0.0000582
exec_time_long_chain_926,0.0000582
exec_time_long_chain_927,0.0000579
exec_time_long_chain_928,0.0000581
exec_time_long_chain_929,0.0000570
exec_time_long_chain_930,0.0000584
exec_time_long_chain_931,0.0000570
exec_time_long_chain_932,0.0000576
exec_time_long_chain_933,0.0000569
exec_time_long_chain_934,0.0000565
exec_time_long_chain_935,0.0000558
exec_time_long_chain_936,0.0000569
exec_time_long_chain_937,0.0000567
exec_time_long_chain_938,0.0000560
exec_time_long_chain_939,0.0000563
exec_time_long_chain_940,0.0000568
exec_time_long_chain_941,0.0000570
exec_time_long_chain_942,0.0000622
exec_time_long_chain_943,0.0000569
exec_time_long_chain_944,0.0000567
exec_time_long_chain_945,0.0000561
exec_time_long_chain_946,0.0000578
exec_time_long_chain_947,0.0000608
exec_time_long_chain_948,0.0000590
exec_time_long_chain_949,0.0000595
exec_time_long_chain_950,0.0000588
exec_time_long_chain_951,0.0000595
exec_time_long_chain_952,0.0000603
exec_time_long_chain_953,0.0000595
exec_time_long_chain_954,0.0000593
exec_time_long_chain_955,0.0000595
exec_time_long_chain_956,0.0000597
exec_time_long_chain_957,0.0000599
exec_time_long_chain_958,0.0000604
exec_time_long_chain_959,0.0000602
exec_time_long_chain_960,0.0000607
exec_time_long_chain_961,0.0000594
exec_time_long_chain_962,0.0000598
exec_time_long_chain_963,0.0000601
exec_time_long_chain_964,0.0000639
exec_time_long_chain_965,0.0000601
exec_time_long_chain_966,0.0000605
exec_time_long_chain_967,0.0000601
exec_time_long_chain_968,0.0000616
exec_time_long_chain_969,0.0000616
exec_time_long_chain_970,0.0000608
exec_time_long_chain_971,0.0000620
exec_time_long_chain_972,0.0000615
exec_time_long_chain_973,0.0000610
exec_time_long_chain_974,0.0000624
exec_time_long_chain_975,0.0000606
exec_time_long_chain_976,0.0000615
exec_time_long_chain_977,0.0000610
exec_time_long_chain_978,0.0000647
exec_time_long_chain_979,0.0000614
exec_time_long_chain_980,0.0000607
exec_time_long_chain_981,0.0000615
exec_time_long_chain_982,0.0000608
exec_time_long_chain_983,0.0000618
exec_time_long_chain_984,0.0000610
exec_time_long_chain_985,0.0000616
exec_time_long_chain_986,0.0000621
exec_time_long_chain_987,0.0000616
exec_time_long_chain_988,0.0000622
exec_time_long_chain_989,0.0000635
exec_time_long_chain_990,0.0000627
exec_time_long_chain_991,0.0000624
exec_time_long_chain_992,0.0000621
exec_time_long_chain_993,0.0000601
exec_time_long_chain_994,0.0000596
exec_time_long_chain_995,0.0000589
exec_time_long_chain_996,0.0000599
exec_time_long_chain_997,0.0000606
exec_time_long_chain_998,0.0000604
exec_time_long_chain_999,0.0000604
exec_time_long_chain_1000,0.0000607
exec_time_long_chain_1001,0.0000602
exec_time_long_chain_1002,0.0000614
exec_time_long_chain_1003,0.0000604
exec_time_long_chain_1004,0.0000607
exec_time_long_chain_1005,0.0000609
exec_time_long_chain_1006,0.0000603
exec_time_long_chain_1007,0.0000601
exec_time_long_chain_1008,0.0000617
exec_time_long_chain_1009,0.0000617
exec_time_long_chain_1010,0.0000605
exec_time_long_chain_1011,0.0000611
exec_time_long_chain_1012,0.0000618
exec_time_long_chain_1013,0.0000611
exec_time_long_chain_1014,0.0000607
exec_time_long_chain_1015,0.0000605
exec_time_long_chain_1016,0.0000611
exec_time_long_chain_1017,0.0000614
exec_time_long_chain_1018,0.0000607
exec_time_long_chain_1019,0.0000608
exec_time_long_chain_1020,0.0000607
exec_time_long_chain_1021,0.0000621
exec_time_long_chain_1022,0.0000615
exec_time_long_chain_1023,0.0000628
exec_time_long_chain_1024,0.0000616
exec_time_long_chain_1025,0.0000619
exec_time_long_chain_1026,0.0000621
exec_time_long_chain_1027,0.0000619
exec_time_long_chain_1028,0.0000629
exec_time_long_chain_1029,0.0000669
exec_time_long_chain_1030,0.0000617
exec_time_long_chain_1031,0.0000619
exec_time_long_chain_1032,0.0000621
exec_time_long_chain_1033,0.0000618
exec_time_long_chain_1034,0.0000617
exec_time_long_chain_1035,0.0000611
exec_time_long_chain_1036,0.0000619
exec_time_long_chain_1037,0.0000626
exec_time_long_chain_1038,0.0000623
exec_time_long_chain_1039,0.0000623
exec_time_long_chain_1040,0.0000637
exec_time_long_chain_1041,0.0000634
exec_time_long_chain_1042,0.0000615
exec_time_long_chain_1043,0.0000622
exec_time_long_chain_1044,0.0000630
exec_time_long_chain_1045,0.0000626
exec_time_long_chain_1046,0.0000652
exec_time_long_chain_1047,0.0000632
exec_time_long_chain_1048,0.0000621
exec_time_long_chain_1049,0.0000630
exec_time_long_chain_1050,0.0000648
exec_time_long_chain_1051,0.0000630
exec_time_long_chain_1052,0.0000634
exec_time_long_chain_1053,0.0000625
exec_time_long_chain_1054,0.0000631
exec_time_long_chain_1055,0.0000641
exec_time_long_chain_1056,0.0000631
exec_time_long_chain_1057,0.0000655
exec_time_long_chain_1058,0.0000629
exec_time_long_chain_1059,0.0000633
exec_time_long_chain_1060,0.0000633
exec_time_long_chain_1061,0.0000631
exec_time_long_chain_1062,0.0000655
exec_time_long_chain_1063,0.0000673
exec_time_long_chain_1064,0.0000636
exec_time_long_chain_1065,0.0000638
exec_time_long_chain_1066,0.0000645
exec_time_long_chain_1067,0.0000632
exec_time_long_chain_1068,0.0000637
exec_time_long_chain_1069,0.0000650
exec_time_long_chain_1070,0.0000648
exec_time_long_chain_1071,0.0000640
exec_time_long_chain_1072,0.0000648
exec_time_long_chain_1073,0.0000635
exec_time_long_chain_1074,0.0000644
exec_time_long_chain_1075,0.0000651
exec_time_long_chain_1076,0.0000644
exec_time_long_chain_1077,0.0000647
exec_time_long_chain_1078,0.0000646
exec_time_long_chain_1079,0.0000634
exec_time_long_chain_1080,0.0000641
exec_time_long_chain_1081,0.0000656
exec_time_long_chain_1082,0.0000650
exec_time_long_chain_1083,0.0000682
exec_time_long_chain_1084,0.0000683
exec_time_long_chain_1085,0.0000677
exec_time_long_chain_1086,0.0000684
exec_time_long_chain_1087,0.0000682
exec_time_long_chain_1088,0.0000685
exec_time_long_chain_1089,0.0000675
exec_time_long_chain_1090,0.0000672
exec_time_long_chain_1091,0.0000690
exec_time_long_chain_1092,0.0000679
exec_time_long_chain_1093,0.0000670
exec_time_long_chain_1094,0.0000704
exec_time_long_chain_1095,0.0000682
exec_time_long_chain_1096,0.0000669
exec_time_long_chain_1097,0.0000685
exec_time_long_chain_1098,0.0000672
exec_time_long_chain_1099,0.0000687
exec_time_long_chain_1100,0.0000678
exec_time_long_chain_1101,0.0000680
exec_time_long_chain_1102,0.0000673
exec_time_long_chain_1103,0.0000679
exec_time_long_chain_1104,0.0000672
exec_time_long_chain_1105,0.0000671
exec_time_long_chain_1106,0.0000687
exec_time_long_chain_1107,0.0000680
exec_time_long_chain_1108,0.0000687
exec_time_long_chain_1109,0.0000683
exec_time_long_chain_1110,0.0000685
exec_time_long_chain_1111,0.0000691
exec_time_long_chain_1112,0.0000685
exec_time_long_chain_1113,0.0000684
exec_time_long_chain_1114,0.0000688
exec_time_long_chain_1115,0.0000690
exec_time_long_chain_1116,0.0000702
exec_time_long_chain_1117,0.0000698
exec_time_long_chain_1118,0.0000688
exec_time_long_chain_1119,0.0000698
exec_time_long_chain_1120,0.0000700
exec_time_long_chain_1121,0.0000685
exec_time_long_chain_1122,0.0000685
exec_time_long_chain_1123,0.0000695
exec_time_long_chain_1124,0.0000694
exec_time_long_chain_1125,0.0000693
exec_time_long_chain_1126,0.0000701
exec_time_long_chain_1127,0.0000697
exec_time_long_chain_1128,0.0000688
exec_time_long_chain_1129,0.0000700
exec_time_long_chain_1130,0.0000702
exec_time_long_chain_1131,0.0000689
exec_time_long_chain_1132,0.0000708
exec_time_long_chain_1133,0.0000691
exec_time_long_chain_1134,0.0000696
exec_time_long_chain_1135,0.0000694
exec_time_long_chain_1136,0.0000701
exec_time_long_chain_1137,0.0000748
exec_time_long_chain_1138,0.0000695
exec_time_long_chain_1139,0.0000697
exec_time_long_chain_1140,0.0000705
exec_time_long_chain_1141,0.0000712
exec_time_long_chain_1142,0.0000706
exec_time_long_chain_1143,0.0000706
exec_time_long_chain_1144,0.0000698
exec_time_long_chain_1145,0.0000709
exec_time_long_chain_1146,0.0000700
exec_time_long_chain_1147,0.0000714
exec_time_long_chain_1148,0.0000708
exec_time_long_chain_1149,0.0000703
exec_time_long_chain_1150,0.0000699
exec_time_long_chain_1151,0.0000706
exec_time_long_chain_1152,0.0000725
exec_time_long_chain_1153,0.0000694
exec_time_long_chain_1154,0.0000737
exec_time_long_chain_1155,0.0000711
exec_time_long_chain_1156,0.0000710
exec_time_long_chain_1157,0.0000703
exec_time_long_chain_1158,0.0000734
exec_time_long_chain_1159,0.0000717
exec_time_long_chain_1160,0.0000709
exec_time_long_chain_1161,0.0000730
exec_time_long_chain_1162,0.0000708
exec_time_long_chain_1163,0.0000729
exec_time_long_chain_1164,0.0000728
exec_time_long_chain_1165,0.0000716
exec_time_long_chain_1166,0.0000711
exec_time_long_chain_1167,0.0000725
exec_time_long_chain_1168,0.0000714
exec_time_long_chain_1169,0.0000721
exec_time_long_chain_1170,0.0000742
exec_time_long_chain_1171,0.0000725
exec_time_long_chain_1172,0.0000715
exec_time_long_chain_1173,0.0000728
exec_time_long_chain_1174,0.0000737
exec_time_long_chain_1175,0.0000717
exec_time_long_chain_1176,0.0000716
exec_time_long_chain_1177,0.0000726
exec_time_long_chain_1178,0.0000727
exec_time_long_chain_1179,0.0000728
exec_time_long_chain_1180,0.0000715
exec_time_long_chain_1181,0.0000718
exec_time_long_chain_1182,0.0000721
exec_time_long_chain_1183,0.0000729
exec_time_long_chain_1184,0.0000729
exec_time_long_chain_1185,0.0000729
exec_time_long_chain_1186,0.0000790
exec_time_long_chain_1187,0.0000716
exec_time_long_chain_1188,0.0000783
exec_time_long_chain_1189,0.0000721
exec_time_long_chain_1190,0.0000752
exec_time_long_chain_1191,0.0000741
exec_time_long_chain_1192,0.0000750
exec_time_long_chain_1193,0.0000735
exec_time_long_chain_1194,0.0000753
exec_time_long_chain_1195,0.0000731
exec_time_long_chain_1196,0.0000743
exec_time_long_chain_1197,0.0000733
exec_time_long_chain_1198,0.0000731
exec_time_long_chain_1199,0.0000731
exec_time_long_chain_1200,0.0000752
exec_time_long_chain_1201,0.0000743
exec_time_long_chain_1202,0.0000755
exec_time_long_chain_1203,0.0000745
exec_time_long_chain_1204,0.0000737
exec_time_long_chain_1205,0.0000740
exec_time_long_chain_1206,0.0000751
exec_time_long_chain_1207,0.0000741
exec_time_long_chain_1208,0.0000741
exec_time_long_chain_1209,0.0000745
exec_time_long_chain_1210,0.0000739
exec_time_long_chain_1211,0.0000727
exec_time_long_chain_1212,0.0000741
exec_time_long_chain_1213,0.0000741
exec_time_long_chain_1214,0.0000734
exec_time_long_chain_1215,0.0000736
exec_time_long_chain_1216,0.0000738
exec_time_long_chain_1217,0.0000753
exec_time_long_chain_1218,0.0000748
exec_time_long_chain_1219,0.0000741
exec_time_long_chain_1220,0.0000763
exec_time_long_chain_1221,0.0000734
exec_time_long_chain_1222,0.0000753
exec_time_long_chain_1223,0.0000741
exec_time_long_chain_1224,0.0000760
exec_time_long_chain_1225,0.0000750
exec_time_long_chain_1226,0.0000748
exec_time_long_chain_1227,0.0000762
exec_time_long_chain_1228,0.0000752
exec_time_long_chain_1229,0.0000764
exec_time_long_chain_1230,0.0000763
exec_time_long_chain_1231,0.0000761
exec_time_long_chain_1232,0.0000760
exec_time_long_chain_1233,0.0000765
exec_time_long_chain_1234,0.0000759
exec_time_long_chain_1235,0.0000772
exec_time_long_chain_1236,0.0000764
exec_time_long_chain_1237,0.0000761
exec_time_long_chain_1238,0.0000762
exec_time_long_chain_1239,0.0000805
exec_time_long_chain_1240,0.0000757
exec_time_long_chain_1241,0.0000778
exec_time_long_chain_1242,0.0000839
exec_time_long_chain_1243,0.0000774
exec_time_long_chain_1244,0.0000771
exec_time_long_chain_1245,0.0000787
exec_time_long_chain_1246,0.0000762
exec_time_long_chain_1247,0.0000772
exec_time_long_chain_1248,0.0000771
exec_time_long_chain_1249,0.0000773
exec_time_long_chain_1250,0.0000769
exec_time_long_chain_1251,0.0000776
exec_time_long_chain_1252,0.0000767
exec_time_long_chain_1253,0.0000766
exec_time_long_chain_1254,0.0000783
exec_time_long_chain_1255,0.0000781
exec_time_long_chain_1256,0.0000803
exec_time_long_chain_1257,0.0000767
exec_time_long_chain_1258,0.0000773
exec_time_long_chain_1259,0.0000775
exec_time_long_chain_1260,0.0000767
exec_time_long_chain_1261,0.0000773
exec_time_long_chain_1262,0.0000780
exec_time_long_chain_1263,0.0000767
exec_time_long_chain_1264,0.0000790
exec_time_long_chain_1265,0.0000777
exec_time_long_chain_1266,0.0000791
exec_time_long_chain_1267,0.0000773
exec_time_long_chain_1268,0.0000775
exec_time_long_chain_1269,0.0000780
exec_time_long_chain_1270,0.0000788
exec_time_long_chain_1271,0.0000772
exec_time_long_chain_1272,0.0000802
exec_time_long_chain_1273,0.0000781
exec_time_long_chain_1274,0.0000770
exec_time_long_chain_1275,0.0000784
exec_time_long_chain_1276,0.0000787
exec_time_long_chain_1277,0.0000783
exec_time_long_chain_1278,0.0000777
exec_time_long_chain_1279,0.0000788
exec_time_long_chain_1280,0.0000787
exec_time_long_chain_1281,0.0000789
exec_time_long_chain_1282,0.0000804
exec_time_long_chain_1283,0.0000774
exec_time_long_chain_1284,0.0000797
exec_time_long_chain_1285,0.0000797
exec_time_long_chain_1286,0.0000783
exec_time_long_chain_1287,0.0000790
exec_time_long_chain_1288,0.0000784
exec_time_long_chain_1289,0.0000788
exec_time_long_chain_1290,0.0000806
exec_time_long_chain_1291,0.0000792
exec_time_long_chain_1292,0.0000790
exec_time_long_chain_1293,0.0000782
exec_time_long_chain_1294,0.0000788
exec_time_long_chain_1295,0.0000776
exec_time_long_chain_1296,0.0000812
exec_time_long_chain_1297,0.0000813
exec_time_long_chain_1298,0.0000797
exec_time_long_chain_1299,0.0000792
exec_time_long_chain_1300,0.0000785
exec_time_long_chain_1301,0.0000841
exec_time_long_chain_1302,0.0000790
exec_time_long_chain_1303,0.0000793
exec_time_long_chain_1304,0.0000789
exec_time_long_chain_1305,0.0000789
exec_time_long_chain_1306,0.0000805
exec_time_long_chain_1307,0.0000799
exec_time_long_chain_1308,0.0000794
exec_time_long_chain_1309,0.0000795
exec_time_long_chain_1310,0.0000817
exec_time_long_chain_1311,0.0000793
exec_time_long_chain_1312,0.0000812
exec_time_long_chain_1313,0.0000804
exec_time_long_chain_1314,0.0000807
exec_time_long_chain_1315,0.0000793
exec_time_long_chain_1316,0.0000809
exec_time_long_chain_1317,0.0000838
exec_time_long_chain_1318,0.0000800
exec_time_long_chain_1319,0.0000820
exec_time_long_chain_1320,0.0000804
exec_time_long_chain_1321,0.0000800
exec_time_long_chain_1322,0.0000863
exec_time_long_chain_1323,0.0000809
exec_time_long_chain_1324,0.0000803
exec_time_long_chain_1325,0.0000804
exec_time_long_chain_1326,0.0000807
exec_time_long_chain_1327,0.0000821
exec_time_long_chain_1328,0.0000820
exec_time_long_chain_1329,0.0000815
exec_time_long_chain_1330,0.0000815
exec_time_long_chain_1331,0.0000806
exec_time_long_chain_1332,0.0000811
exec_time_long_chain_1333,0.0000817
exec_time_long_chain_1334,0.0000850
exec_time_long_chain_1335,0.0000816
exec_time_long_chain_1336,0.0000828
exec_time_long_chain_1337,0.0000826
exec_time_long_chain_1338,0.0000822
exec_time_long_chain_1339,0.0000820
exec_time_long_chain_1340,0.0000842
exec_time_long_chain_1341,0.0000813
exec_time_long_chain_1342,0.0000818
exec_time_long_chain_1343,0.0000835
exec_time_long_chain_1344,0.0000833
exec_time_long_chain_1345,0.0000818
exec_time_long_chain_1346,0.0000815
exec_time_long_chain_1347,0.0000830
exec_time_long_chain_1348,0.0000820
exec_time_long_chain_1349,0.0000835
exec_time_long_chain_1350,0.0000826
exec_time_long_chain_1351,0.0000824
exec_time_long_chain_1352,0.0000824
exec_time_long_chain_1353,0.0000849
exec_time_long_chain_1354,0.0000814
exec_time_long_chain_1355,0.0000836
exec_time_long_chain_1356,0.0000817
exec_time_long_chain_1357,0.0000831
exec_time_long_chain_1358,0.0000863
exec_time_long_chain_1359,0.0000824
exec_time_long_chain_1360,0.0000825
exec_time_long_chain_1361,0.0000829
exec_time_long_chain_1362,0.0000861
exec_time_long_chain_1363,0.0000834
exec_time_long_chain_1364,0.0000830
exec_time_long_chain_1365,0.0000828
exec_time_long_chain_1366,0.0000832
exec_time_long_chain_1367,0.0000821
exec_time_long_chain_1368,0.0000852
exec_time_long_chain_1369,0.0000827
exec_time_long_chain_1370,0.0000830
exec_time_long_chain_1371,0.0000840
exec_time_long_chain_1372,0.0000851
exec_time_long_chain_1373,0.0000851
exec_time_long_chain_1374,0.0000848
exec_time_long_chain_1375,0.0000845
exec_time_long_chain_1376,0.0000844
exec_time_long_chain_1377,0.0000840
exec_time_long_chain_1378,0.0000836
exec_time_long_chain_1379,0.0000850
exec_time_long_chain_1380,0.0000844
exec_time_long_chain_1381,0.0000848
exec_time_long_chain_1382,0.0000851
exec_time_long_chain_1383,0.0000847
exec_time_long_chain_1384,0.0000853
exec_time_long_chain_1385,0.0000844
exec_time_long_chain_1386,0.0000863
exec_time_long_chain_1387,0.0000861
exec_time_long_chain_1388,0.0000853
exec_time_long_chain_1389,0.0000841
exec_time_long_chain_1390,0.0000868
exec_time_long_chain_1391,0.0000864
exec_time_long_chain_1392,0.0000846
exec_time_long_chain_1393,0.0000843
exec_time_long_chain_1394,0.0000830
exec_time_long_chain_1395,0.0000831
exec_time_long_chain_1396,0.0000850
exec_time_long_chain_1397,0.0000891
exec_time_long_chain_1398,0.0000842
exec_time_long_chain_1399,0.0000846
exec_time_long_chain_1400,0.0000848
exec_time_long_chain_1401,0.0000860
exec_time_long_chain_1402,0.0000869
exec_time_long_chain_1403,0.0000861
exec_time_long_chain_1404,0.0000866
exec_time_long_chain_1405,0.0000894
exec_time_long_chain_1406,0.0000862
exec_time_long_chain_1407,0.0000862
exec_time_long_chain_1408,0.0000846
exec_time_long_chain_1409,0.0000869
exec_time_long_chain_1410,0.0000861
exec_time_long_chain_1411,0.0000880
exec_time_long_chain_1412,0.0000865
exec_time_long_chain_1413,0.0000857
exec_time_long_chain_1414,0.0000846
exec_time_long_chain_1415,0.0000856
exec_time_long_chain_1416,0.0001011
exec_time_long_chain_1417,0.0000862
exec_time_long_chain_1418,0.0000857
exec_time_long_chain_1419,0.0000853
exec_time_long_chain_1420,0.0000856
exec_time_long_chain_1421,0.0000860
exec_time_long_chain_1422,0.0000858
exec_time_long_chain_1423,0.0000859
exec_time_long_chain_1424,0.0000886
exec_time_long_chain_1425,0.0000867
exec_time_long_chain_1426,0.0000862
exec_time_long_chain_1427,0.0000861
exec_time_long_chain_1428,0.0000882
exec_time_long_chain_1429,0.0000857
exec_time_long_chain_1430,0.0000863
exec_time_long_chain_1431,0.0000866
exec_time_long_chain_1432,0.0000881
exec_time_long_chain_1433,0.0000896
exec_time_long_chain_1434,0.0000885
exec_time_long_chain_1435,0.0000924
exec_time_long_chain_1436,0.0000873
exec_time_long_chain_1437,0.0000884
exec_time_long_chain_1438,0.0000887
exec_time_long_chain_1439,0.0000906
exec_time_long_chain_1440,0.0000878
exec_time_long_chain_1441,0.0000876
exec_time_long_chain_1442,0.0000894
exec_time_long_chain_1443,0.0000915
exec_time_long_chain_1444,0.0000857
exec_time_long_chain_1445,0.0000861
exec_time_long_chain_1446,0.0000871
exec_time_long_chain_1447,0.0000871
exec_time_long_chain_1448,0.0000871
exec_time_long_chain_1449,0.0000872
exec_time_long_chain_1450,0.0000900
exec_time_long_chain_1451,0.0000871
exec_time_long_chain_1452,0.0000895
exec_time_long_chain_1453,0.0000935
exec_time_long_chain_1454,0.0000888
exec_time_long_chain_1455,0.0000891
exec_time_long_chain_1456,0.0000897
exec_time_long_chain_1457,0.0000878
exec_time_long_chain_1458,0.0000877
exec_time_long_chain_1459,0.0000873
exec_time_long_chain_1460,0.0000875
exec_time_long_chain_1461,0.0000890
exec_time_long_chain_1462,0.0000933
exec_time_long_chain_1463,0.0000901
exec_time_long_chain_1464,0.0000902
exec_time_long_chain_1465,0.0000893
exec_time_long_chain_1466,0.0000896
exec_time_long_chain_1467,0.0000892
exec_time_long_chain_1468,0.0000876
exec_time_long_chain_1469,0.0000883
exec_time_long_chain_1470,0.0000913
exec_time_long_chain_1471,0.0000886
exec_time_long_chain_1472,0.0000900
exec_time_long_chain_1473,0.0000903
exec_time_long_chain_1474,0.0000884
exec_time_long_chain_1475,0.0000900
exec_time_long_chain_1476,0.0000886
exec_time_long_chain_1477,0.0000911
exec_time_long_chain_1478,0.0000888
exec_time_long_chain_1479,0.0000914
exec_time_long_chain_1480,0.0000905
exec_time_long_chain_1481,0.0000895
exec_time_long_chain_1482,0.0000899
exec_time_long_chain_1483,0.0000894
exec_time_long_chain_1484,0.0000900
exec_time_long_chain_1485,0.0000902
exec_time_long_chain_1486,0.0000889
exec_time_long_chain_1487,0.0000897
exec_time_long_chain_1488,0.0000889
exec_time_long_chain_1489,0.0000882
exec_time_long_chain_1490,0.0000915
exec_time_long_chain_1491,0.0000889
exec_time_long_chain_1492,0.0000871
exec_time_long_chain_1493,0.0000875
exec_time_long_chain_1494,0.0000881
exec_time_long_chain_1495,0.0000887
exec_time_long_chain_1496,0.0000876
exec_time_long_chain_1497,0.0000874
exec_time_long_chain_1498,0.0000875
exec_time_long_chain_1499,0.0000875
exec_time_long_chain_1500,0.0000918
exec_time_long_chain_1501,0.0000915
exec_time_long_chain_1502,0.0001154
exec_time_long_chain_1503,0.0000946
exec_time_long_chain_1504,0.0000912
exec_time_long_chain_1505,0.0000923
exec_time_long_chain_1506,0.0000914
exec_time_long_chain_1507,0.0000918
exec_time_long_chain_1508,0.0000939
exec_time_long_chain_1509,0.0000919
exec_time_long_chain_1510,0.0000932
exec_time_long_chain_1511,0.0000928
exec_time_long_chain_1512,0.0000918
exec_time_long_chain_1513,0.0000914
exec_time_long_chain_1514,0.0000927
exec_time_long_chain_1515,0.0000926
exec_time_long_chain_1516,0.0000955
exec_time_long_chain_1517,0.0000930
exec_time_long_chain_1518,0.0000920
exec_time_long_chain_1519,0.0000942
exec_time_long_chain_1520,0.0000940
exec_time_long_chain_1521,0.0000947
exec_time_long_chain_1522,0.0000898
exec_time_long_chain_1523,0.0000908
exec_time_long_chain_1524,0.0000908
exec_time_long_chain_1525,0.0000903
exec_time_long_chain_1526,0.0000900
exec_time_long_chain_1527,0.0000913
exec_time_long_chain_1528,0.0000904
exec_time_long_chain_1529,0.0000904
exec_time_long_chain_1530,0.0000907
exec_time_long_chain_1531,0.0000908
exec_time_long_chain_1532,0.0000895
exec_time_long_chain_1533,0.0000911
exec_time_long_chain_1534,0.0000903
exec_time_long_chain_1535,0.0000912
exec_time_long_chain_1536,0.0000931
exec_time_long_chain_1537,0.0000919
exec_time_long_chain_1538,0.0000906
exec_time_long_chain_1539,0.0000902
exec_time_long_chain_1540,0.0001023
exec_time_long_chain_1541,0.0000902
exec_time_long_chain_1542,0.0000899
exec_time_long_chain_1543,0.0000904
exec_time_long_chain_1544,0.0000927
exec_time_long_chain_1545,0.0000949
exec_time_long_chain_1546,0.0000962
exec_time_long_chain_1547,0.0000958
exec_time_long_chain_1548,0.0000940
exec_time_long_chain_1549,0.0000939
exec_time_long_chain_1550,0.0000949
exec_time_long_chain_1551,0.0000945
exec_time_long_chain_1552,0.0000941
exec_time_long_chain_1553,0.0000943
exec_time_long_chain_1554,0.0000956
exec_time_long_chain_1555,0.0000959
exec_time_long_chain_1556,0.0000956
exec_time_long_chain_1557,0.0000938
exec_time_long_chain_1558,0.0000949
exec_time_long_chain_1559,0.0000978
exec_time_long_chain_1560,0.0000953
exec_time_long_chain_1561,0.0000949
exec_time_long_chain_1562,0.0000941
exec_time_long_chain_1563,0.0000951
exec_time_long_chain_1564,0.0000954
exec_time_long_chain_1565,0.0000955
exec_time_long_chain_1566,0.0000968
exec_time_long_chain_1567,0.0000959
exec_time_long_chain_1568,0.0000955
exec_time_long_chain_1569,0.0000971
exec_time_long_chain_1570,0.0000957
exec_time_long_chain_1571,0.0000962
exec_time_long_chain_1572,0.0000946
exec_time_long_chain_1573,0.0000960
exec_time_long_chain_1574,0.0000954
exec_time_long_chain_1575,0.0000954
exec_time_long_chain_1576,0.0000956
exec_time_long_chain_1577,0.0000967
exec_time_long_chain_1578,0.0000973
exec_time_long_chain_1579,0.0000974
exec_time_long_chain_1580,0.0000968
exec_time_long_chain_1581,0.0001010
exec_time_long_chain_1582,0.0000970
exec_time_long_chain_1583,0.0000964
exec_time_long_chain_1584,0.0000979
exec_time_long_chain_1585,0.0000970
exec_time_long_chain_1586,0.0000989
exec_time_long_chain_1587,0.0000977
exec_time_long_chain_1588,0.0000958
exec_time_long_chain_1589,0.0000963
exec_time_long_chain_1590,0.0000982
exec_time_long_chain_1591,0.0000981
exec_time_long_chain_1592,0.0000984
exec_time_long_chain_1593,0.0000966
exec_time_long_chain_1594,0.0000973
exec_time_long_chain_1595,0.0000974
exec_time_long_chain_1596,0.0000972
exec_time_long_chain_1597,0.0000973
exec_time_long_chain_1598,0.0000987
exec_time_long_chain_1599,0.0000988
exec_time_long_chain_1600,0.0000975
exec_time_long_chain_1601,0.0000975
exec_time_long_chain_1602,0.0000970
exec_time_long_chain_1603,0.0000980
exec_time_long_chain_1604,0.0000980
exec_time_long_chain_1605,0.0000974
exec_time_long_chain_1606,0.0000949
exec_time_long_chain_1607,0.0000980
exec_time_long_chain_1608,0.0000966
exec_time_long_chain_1609,0.0000950
exec_time_long_chain_1610,0.0000966
exec_time_long_chain_1611,0.0000941
exec_time_long_chain_1612,0.0000950
exec_time_long_chain_1613,0.0000950
exec_time_long_chain_1614,0.0000951
exec_time_long_chain_1615,0.0000950
exec_time_long_chain_1616,0.0000957
exec_time_long_chain_1617,0.0000949
exec_time_long_chain_1618,0.0001006
exec_time_long_chain_1619,0.0001049
exec_time_long_chain_1620,0.0001007
exec_time_long_chain_1621,0.0000999
exec_time_long_chain_1622,0.0001034
exec_time_long_chain_1623,0.0001005
exec_time_long_chain_1624,0.0000992
exec_time_long_chain_1625,0.0001000
exec_time_long_chain_1626,0.0001003
exec_time_long_chain_1627,0.0000996
exec_time_long_chain_1628,0.0001001
exec_time_long_chain_1629,0.0001066
exec_time_long_chain_1630,0.0000992
exec_time_long_chain_1631,0.0000997
exec_time_long_chain_1632,0.0001012
exec_time_long_chain_1633,0.0000996
exec_time_long_chain_1634,0.0001044
exec_time_long_chain_1635,0.0001010
exec_time_long_chain_1636,0.0001014
exec_time_long_chain_1637,0.0001183
exec_time_long_chain_1638,0.0000963
exec_time_long_chain_1639,0.0001004
exec_time_long_chain_1640,0.0001014
exec_time_long_chain_1641,0.0001006
exec_time_long_chain_1642,0.0001033
exec_time_long_chain_1643,0.0001050
exec_time_long_chain_1644,0.0002530
exec_time_long_chain_1645,0.0000975
exec_time_long_chain_1646,0.0001059
exec_time_long_chain_1647,0.0001006
exec_time_long_chain_1648,0.0001014
exec_time_long_chain_1649,0.0001015
exec_time_long_chain_1650,0.0000999
exec_time_long_chain_1651,0.0001014
exec_time_long_chain_1652,0.0001016
exec_time_long_chain_1653,0.0001006
exec_time_long_chain_1654,0.0001002
exec_time_long_chain_1655,0.0001014
exec_time_long_chain_1656,0.0001016
exec_time_long_chain_1657,0.0001049
exec_time_long_chain_1658,0.0001010
exec_time_long_chain_1659,0.0001032
exec_time_long_chain_1660,0.0001011
exec_time_long_chain_1661,0.0001012
exec_time_long_chain_1662,0.0001020
exec_time_long_chain_1663,0.0001017
exec_time_long_chain_1664,0.0001013
exec_time_long_chain_1665,0.0001040
exec_time_long_chain_1666,0.0001026
exec_time_long_chain_1667,0.0001015
exec_time_long_chain_1668,0.0000989
exec_time_long_chain_1669,0.0001009
exec_time_long_chain_1670,0.0001011
exec_time_long_chain_1671,0.0001016
exec_time_long_chain_1672,0.0001020
exec_time_long_chain_1673,0.0001034
exec_time_long_chain_1674,0.0001083
exec_time_long_chain_1675,0.0001024
exec_time_long_chain_1676,0.0001018
exec_time_long_chain_1677,0.0001024
exec_time_long_chain_1678,0.0001006
exec_time_long_chain_1679,0.0001024
exec_time_long_chain_1680,0.0001037
exec_time_long_chain_1681,0.0001025
exec_time_long_chain_1682,0.0001027
exec_time_long_chain_1683,0.0001029
exec_time_long_chain_1684,0.0001029
exec_time_long_chain_1685,0.0001131
exec_time_long_chain_1686,0.0001034
exec_time_long_chain_1687,0.0001028
exec_time_long_chain_1688,0.0001020
exec_time_long_chain_1689,0.0001021
exec_time_long_chain_1690,0.0001066
exec_time_long_chain_1691,0.0001029
exec_time_long_chain_1692,0.0001052
exec_time_long_chain_1693,0.0001032
exec_time_long_chain_1694,0.0001030
exec_time_long_chain_1695,0.0001026
exec_time_long_chain_1696,0.0001152
exec_time_long_chain_1697,0.0001031
exec_time_long_chain_1698,0.0001047
exec_time_long_chain_1699,0.0001030
exec_time_long_chain_1700,0.0001030
exec_time_long_chain_1701,0.0001033
exec_time_long_chain_1702,0.0001035
exec_time_long_chain_1703,0.0001045
exec_time_long_chain_1704,0.0001044
exec_time_long_chain_1705,0.0001046
exec_time_long_chain_1706,0.0001049
exec_time_long_chain_1707,0.0001050
exec_time_long_chain_1708,0.0001056
exec_time_long_chain_1709,0.0001043
exec_time_long_chain_1710,0.0001048
exec_time_long_chain_1711,0.0001054
exec_time_long_chain_1712,0.0001050
exec_time_long_chain_1713,0.0001048
exec_time_long_chain_1714,0.0001049
exec_time_long_chain_1715,0.0001048
exec_time_long_chain_1716,0.0001053
exec_time_long_chain_1717,0.0001048
exec_time_long_chain_1718,0.0001063
exec_time_long_chain_1719,0.0001051
exec_time_long_chain_1720,0.0001133
exec_time_long_chain_1721,0.0001048
exec_time_long_chain_1722,0.0001055
exec_time_long_chain_1723,0.0001053
exec_time_long_chain_1724,0.0001042
exec_time_long_chain_1725,0.0001052
exec_time_long_chain_1726,0.0001084
exec_time_long_chain_1727,0.0001073
exec_time_long_chain_1728,0.0001073
exec_time_long_chain_1729,0.0001073
exec_time_long_chain_1730,0.0001096
exec_time_long_chain_1731,0.0001071
exec_time_long_chain_1732,0.0001061
exec_time_long_chain_1733,0.0001055
exec_time_long_chain_1734,0.0001069
exec_time_long_chain_1735,0.0001053
exec_time_long_chain_1736,0.0001057
exec_time_long_chain_1737,0.0001054
exec_time_long_chain_1738,0.0001064
exec_time_long_chain_1739,0.0001112
exec_time_long_chain_1740,0.0001090
exec_time_long_chain_1741,0.0001064
exec_time_long_chain_1742,0.0001067
exec_time_long_chain_1743,0.0001058
exec_time_long_chain_1744,0.0001062
exec_time_long_chain_1745,0.0001072
exec_time_long_chain_1746,0.0001064
exec_time_long_chain_1747,0.0001072
exec_time_long_chain_1748,0.0001068
exec_time_long_chain_1749,0.0001060
exec_time_long_chain_1750,0.0001119
exec_time_long_chain_1751,0.0001074
exec_time_long_chain_1752,0.0001068
exec_time_long_chain_1753,0.0001059
exec_time_long_chain_1754,0.0001074
exec_time_long_chain_1755,0.0001063
exec_time_long_chain_1756,0.0001074
exec_time_long_chain_1757,0.0001081
exec_time_long_chain_1758,0.0001086
exec_time_long_chain_1759,0.0001087
exec_time_long_chain_1760,0.0001094
exec_time_long_chain_1761,0.0001070
exec_time_long_chain_1762,0.0001087
exec_time_long_chain_1763,0.0001083
exec_time_long_chain_1764,0.0001077
exec_time_long_chain_1765,0.0001092
exec_time_long_chain_1766,0.0001074
exec_time_long_chain_1767,0.0001106
exec_time_long_chain_1768,0.0001082
exec_time_long_chain_1769,0.0001086
exec_time_long_chain_1770,0.0001083
exec_time_long_chain_1771,0.0001217
exec_time_long_chain_1772,0.0001092
exec_time_long_chain_1773,0.0001078
exec_time_long_chain_1774,0.0001080
exec_time_long_chain_1775,0.0001082
exec_time_long_chain_1776,0.0001115
exec_time_long_chain_1777,0.0001088
exec_time_long_chain_1778,0.0001083
exec_time_long_chain_1779,0.0001094
exec_time_long_chain_1780,0.0001065
exec_time_long_chain_1781,0.0001090
exec_time_long_chain_1782,0.0001115
exec_time_long_chain_1783,0.0001102
exec_time_long_chain_1784,0.0001097
exec_time_long_chain_1785,0.0001099
exec_time_long_chain_1786,0.0001101
exec_time_long_chain_1787,0.0001097
exec_time_long_chain_1788,0.0001101
exec_time_long_chain_1789,0.0001089
exec_time_long_chain_1790,0.0001097
exec_time_long_chain_1791,0.0001104
exec_time_long_chain_1792,0.0001103
exec_time_long_chain_1793,0.0001093
exec_time_long_chain_1794,0.0001094
exec_time_long_chain_1795,0.0001101
exec_time_long_chain_1796,0.0001111
exec_time_long_chain_1797,0.0001120
exec_time_long_chain_1798,0.0001111
exec_time_long_chain_1799,0.0001105
exec_time_long_chain_1800,0.0001100
exec_time_long_chain_1801,0.0001118
exec_time_long_chain_1802,0.0001157
exec_time_long_chain_1803,0.0001090
exec_time_long_chain_1804,0.0001102
exec_time_long_chain_1805,0.0001096
exec_time_long_chain_1806,0.0001101
exec_time_long_chain_1807,0.0001109
exec_time_long_chain_1808,0.0001074
exec_time_long_chain_1809,0.0001088
exec_time_long_chain_1810,0.0001108
exec_time_long_chain_1811,0.0001118
exec_time_long_chain_1812,0.0001115
exec_time_long_chain_1813,0.0001088
exec_time_long_chain_1814,0.0001103
exec_time_long_chain_1815,0.0001108
exec_time_long_chain_1816,0.0001123
exec_time_long_chain_1817,0.0001110
exec_time_long_chain_1818,0.0001105
exec_time_long_chain_1819,0.0001135
exec_time_long_chain_1820,0.0001142
exec_time_long_chain_1821,0.0001146
exec_time_long_chain_1822,0.0001144
exec_time_long_chain_1823,0.0001167
exec_time_long_chain_1824,0.0001400
exec_time_long_chain_1825,0.0001170
exec_time_long_chain_1826,0.0001137
exec_time_long_chain_1827,0.0001144
exec_time_long_chain_1828,0.0001146
exec_time_long_chain_1829,0.0001146
exec_time_long_chain_1830,0.0001143
exec_time_long_chain_1831,0.0001138
exec_time_long_chain_1832,0.0001138
exec_time_long_chain_1833,0.0001141
exec_time_long_chain_1834,0.0001143
exec_time_long_chain_1835,0.0001143
exec_time_long_chain_1836,0.0001136
exec_time_long_chain_1837,0.0001230
exec_time_long_chain_1838,0.0001143
exec_time_long_chain_1839,0.0001159
exec_time_long_chain_1840,0.0001163
exec_time_long_chain_1841,0.0001149
exec_time_long_chain_1842,0.0001145
exec_time_long_chain_1843,0.0001144
exec_time_long_chain_1844,0.0001143
exec_time_long_chain_1845,0.0001156
exec_time_long_chain_1846,0.0001158
exec_time_long_chain_1847,0.0001159
exec_time_long_chain_1848,0.0001152
exec_time_long_chain_1849,0.0001132
exec_time_long_chain_1850,0.0001170
exec_time_long_chain_1851,0.0001152
exec_time_long_chain_1852,0.0001161
exec_time_long_chain_1853,0.0001173
exec_time_long_chain_1854,0.0001145
exec_time_long_chain_1855,0.0001146
exec_time_long_chain_1856,0.0001169
exec_time_long_chain_1857,0.0001163
exec_time_long_chain_1858,0.0001147
exec_time_long_chain_1859,0.0001152
exec_time_long_chain_1860,0.0001152
exec_time_long_chain_1861,0.0001167
exec_time_long_chain_1862,0.0001156
exec_time_long_chain_1863,0.0001224
exec_time_long_chain_1864,0.0001174
exec_time_long_chain_1865,0.0001170
exec_time_long_chain_1866,0.0001165
exec_time_long_chain_1867,0.0001155
exec_time_long_chain_1868,0.0001144
exec_time_long_chain_1869,0.0001161
exec_time_long_chain_1870,0.0001119
exec_time_long_chain_1871,0.0001159
exec_time_long_chain_1872,0.0001162
exec_time_long_chain_1873,0.0001159
exec_time_long_chain_1874,0.0001178
exec_time_long_chain_1875,0.0001158
exec_time_long_chain_1876,0.0001162
exec_time_long_chain_1877,0.0001166
exec_time_long_chain_1878,0.0001175
exec_time_long_chain_1879,0.0001169
exec_time_long_chain_1880,0.0001156
exec_time_long_chain_1881,0.0001185
exec_time_long_chain_1882,0.0001166
exec_time_long_chain_1883,0.0001171
exec_time_long_chain_1884,0.0001286
exec_time_long_chain_1885,0.0001192
exec_time_long_chain_1886,0.0001168
exec_time_long_chain_1887,0.0001187
exec_time_long_chain_1888,0.0001185
exec_time_long_chain_1889,0.0001175
exec_time_long_chain_1890,0.0001182
exec_time_long_chain_1891,0.0001183
exec_time_long_chain_1892,0.0001174
exec_time_long_chain_1893,0.0001173
exec_time_long_chain_1894,0.0001188
exec_time_long_chain_1895,0.0001189
exec_time_long_chain_1896,0.0001118
exec_time_long_chain_1897,0.0001244
exec_time_long_chain_1898,0.0001186
exec_time_long_chain_1899,0.0001186
exec_time_long_chain_1900,0.0001186
exec_time_long_chain_1901,0.0001178
exec_time_long_chain_1902,0.0001265
exec_time_long_chain_1903,0.0001259
exec_time_long_chain_1904,0.0001186
exec_time_long_chain_1905,0.0001174
exec_time_long_chain_1906,0.0001243
exec_time_long_chain_1907,0.0001176
exec_time_long_chain_1908,0.0001191
exec_time_long_chain_1909,0.0001148
exec_time_long_chain_1910,0.0001209
exec_time_long_chain_1911,0.0001181
exec_time_long_chain_1912,0.0001190
exec_time_long_chain_1913,0.0001188
exec_time_long_chain_1914,0.0001195
exec_time_long_chain_1915,0.0001184
exec_time_long_chain_1916,0.0001188
exec_time_long_chain_1917,0.0001204
exec_time_long_chain_1918,0.0001210
exec_time_long_chain_1919,0.0001190
exec_time_long_chain_1920,0.0001204
exec_time_long_chain_1921,0.0001238
exec_time_long_chain_1922,0.0001223
exec_time_long_chain_1923,0.0001195
exec_time_long_chain_1924,0.0001203
exec_time_long_chain_1925,0.0001174
exec_time_long_chain_1926,0.0001195
exec_time_long_chain_1927,0.0001223
exec_time_long_chain_1928,0.0001204
exec_time_long_chain_1929,0.0001192
exec_time_long_chain_1930,0.0001190
exec_time_long_chain_1931,0.0001199
exec_time_long_chain_1932,0.0001195
exec_time_long_chain_1933,0.0001185
exec_time_long_chain_1934,0.0001214
exec_time_long_chain_1935,0.0001269
exec_time_long_chain_1936,0.0001200
exec_time_long_chain_1937,0.0001214
exec_time_long_chain_1938,0.0001213
exec_time_long_chain_1939,0.0001220
exec_time_long_chain_1940,0.0001309
exec_time_long_chain_1941,0.0001216
exec_time_long_chain_1942,0.0001210
exec_time_long_chain_1943,0.0001220
exec_time_long_chain_1944,0.0001200
exec_time_long_chain_1945,0.0001216
exec_time_long_chain_1946,0.0001221
exec_time_long_chain_1947,0.0001226
exec_time_long_chain_1948,0.0001208
exec_time_long_chain_1949,0.0001225
exec_time_long_chain_1950,0.0001218
exec_time_long_chain_1951,0.0001222
exec_time_long_chain_1952,0.0001213
exec_time_long_chain_1953,0.0001192
exec_time_long_chain_1954,0.0001212
exec_time_long_chain_1955,0.0001218
exec_time_long_chain_1956,0.0001216
exec_time_long_chain_1957,0.0001249
exec_time_long_chain_1958,0.0001248
exec_time_long_chain_1959,0.0001216
exec_time_long_chain_1960,0.0001227
exec_time_long_chain_1961,0.0001214
exec_time_long_chain_1962,0.0001218
exec_time_long_chain_1963,0.0001278
exec_time_long_chain_1964,0.0001221
exec_time_long_chain_1965,0.0001222
exec_time_long_chain_1966,0.0001237
exec_time_long_chain_1967,0.0001236
exec_time_long_chain_1968,0.0001389
exec_time_long_chain_1969,0.0001215
exec_time_long_chain_1970,0.0001230
exec_time_long_chain_1971,0.0001225
exec_time_long_chain_1972,0.0001223
exec_time_long_chain_1973,0.0001222
exec_time_long_chain_1974,0.0001254
exec_time_long_chain_1975,0.0001228
exec_time_long_chain_1976,0.0001252
exec_time_long_chain_1977,0.0001362
exec_time_long_chain_1978,0.0001245
exec_time_long_chain_1979,0.0001241
exec_time_long_chain_1980,0.0001220
exec_time_long_chain_1981,0.0001238
exec_time_long_chain_1982,0.0001283
exec_time_long_chain_1983,0.0001343
exec_time_long_chain_1984,0.0001236
exec_time_long_chain_1985,0.0001244
exec_time_long_chain_1986,0.0001246
exec_time_long_chain_1987,0.0001263
exec_time_long_chain_1988,0.0001691
exec_time_long_chain_1989,0.0001241
exec_time_long_chain_1990,0.0001245
exec_time_long_chain_1991,0.0001238
exec_time_long_chain_1992,0.0001262
exec_time_long_chain_1993,0.0001230
exec_time_long_chain_1994,0.0001236
exec_time_long_chain_1995,0.0001259
exec_time_long_chain_1996,0.0001227
exec_time_long_chain_1997,0.0001293
exec_time_long_chain_1998,0.0001327
exec_time_long_chain_1999,0.0001248
exec_time_long_chain_2000,0.0001252
